domain,isp,lat,lon,ip,region_name,city,country_name
e-derslik.edu.az,CLOUDFLARENET,37.751,-97.822,172.67.193.115,None,None,United States
asu.edu,CLOUDFLARENET,37.751,-97.822,104.16.50.14,None,None,United States
virtual.edu.az,CLOUDFLARENET,37.751,-97.822,172.67.147.70,None,None,United States
uopeople.edu,CLOUDFLARENET,37.751,-97.822,104.26.1.241,None,None,United States
utdallas.edu,CLOUDFLARENET,37.751,-97.822,104.16.43.54,None,None,United States
fael.edu.br,CLOUDFLARENET,37.751,-97.822,172.67.71.47,None,None,United States
chdtu.edu.ua,CLOUDFLARENET,37.751,-97.822,172.67.165.13,None,None,United States
ifma.edu.br,CLOUDFLARENET,37.751,-97.822,172.67.174.83,None,None,United States
utdt.edu,CLOUDFLARENET,37.751,-97.822,104.22.26.107,None,None,United States
uqu.edu.sa,CLOUDFLARENET,37.751,-97.822,172.67.30.247,None,None,United States
uwa.edu.au,CLOUDFLARENET,37.751,-97.822,104.18.1.45,None,None,United States
bakimektebleri.edu.az,CLOUDFLARENET,37.751,-97.822,104.21.38.97,None,None,United States
scu.edu,GOOGLE,39.1028,-94.5778,34.107.151.86,Missouri,Kansas City,United States
umt.edu.pk,CLOUDFLARENET,37.751,-97.822,172.67.73.182,None,None,United States
riphah.edu.pk,CLOUDFLARENET,37.751,-97.822,172.67.72.20,None,None,United States
knutd.edu.ua,CLOUDFLARENET,37.751,-97.822,104.21.0.152,None,None,United States
eduvision.edu.pk,CLOUDFLARENET,37.751,-97.822,104.21.61.165,None,None,United States
educause.edu,CLOUDFLARENET,37.751,-97.822,104.20.34.250,None,None,United States
heartbeat.education,CLOUDFLARENET,37.751,-97.822,104.26.1.198,None,None,United States
umary.edu,CLOUDFLARENET,37.751,-97.822,104.20.243.63,None,None,United States
bond.edu.au,CLOUDFLARENET,37.751,-97.822,104.18.20.75,None,None,United States
aydin.edu.tr,CLOUDFLARENET,37.751,-97.822,104.26.3.187,None,None,United States
yufl.edu.mm,CLOUDFLARENET,37.751,-97.822,172.67.140.104,None,None,United States
sjcny.edu,CLOUDFLARENET,37.751,-97.822,104.25.13.22,None,None,United States
futa.edu.ng,CLOUDFLARENET,37.751,-97.822,172.67.153.212,None,None,United States
dlsu.edu.ph,CLOUDFLARENET,37.751,-97.822,104.22.40.142,None,None,United States
apeejay.edu,CLOUDFLARENET,37.751,-97.822,172.67.219.194,None,None,United States
waketech.edu,CLOUDFLARENET,37.751,-97.822,104.17.156.81,None,None,United States
quantic.edu,CLOUDFLARENET,37.751,-97.822,172.67.70.1,None,None,United States
google.com,GOOGLE,37.751,-97.822,142.250.185.174,None,None,United States
wisc.edu,WISC-MADISON-AS,43.1205,-89.3523,144.92.9.70,Wisconsin,Madison,United States
ucla.edu,UCLA,37.751,-97.822,128.97.27.37,None,None,United States
illinois.edu,UIUC,37.751,-97.822,192.17.172.3,None,None,United States
ufl.edu,NERDCNET,29.6138,-82.386,128.227.9.98,Florida,Gainesville,United States
szu.edu.cn,China Education and Research Network Center,34.7732,113.722,210.39.12.247,None,None,China
istanbul.edu.tr,National Academic Network and Information Center,41.0209,28.9217,194.27.128.98,Istanbul,Istanbul,Turkey
uci.edu,UCINET-AS,33.6459,-117.843,128.195.188.232,California,Irvine,United States
washington.edu,AMAZON-02,45.8491,-119.7143,54.214.77.106,Oregon,Boardman,United States
anadolu.edu.tr,Turk Telekom,41.0655,28.9534,212.175.41.18,Istanbul,Sisli,Turkey
ksu.edu.sa,MICROSOFT-CORP-MSN-AS-BLOCK,52.3759,4.8975,52.174.29.241,North Holland,Amsterdam,Netherlands
tamu.edu,TAMU,30.6032,-96.3136,165.91.22.70,Texas,College Station,United States
minnstate.edu,MICROSOFT-CORP-MSN-AS-BLOCK,41.8483,-87.6517,65.52.217.59,Illinois,Chicago,United States
cuhk.edu.hk,NEXUSGUARD LIMITED,22.2578,114.1657,27.126.235.25,None,None,Hong Kong
uw.edu,WASHINGTON-AS,37.751,-97.822,128.95.155.197,None,None,United States
unsw.edu.au,5G NETWORK OPERATIONS PTY LTD,-33.494,143.2104,202.58.60.194,None,None,Australia
arizona.edu,UNIV-ARIZ,37.751,-97.822,128.196.128.233,None,None,United States
brookings.edu,MICROSOFT-CORP-MSN-AS-BLOCK,38.7095,-78.1539,137.135.107.235,Virginia,Washington,United States
valenciacollege.edu,VALENCIA,28.5436,-81.3738,199.87.225.219,Florida,Orlando,United States
fiu.edu,MICROSOFT-CORP-MSN-AS-BLOCK,38.7095,-78.1539,40.76.218.33,Virginia,Washington,United States
laccd.edu,CSUNET-NW,37.6976,-121.0369,207.62.63.56,California,Modesto,United States
uitm.edu.my,University ITM Shah Alam Selangor Malaysia,3.0763,101.5168,202.58.80.95,Selangor,Shah Alam,Malaysia
rmit.edu.au,Australian Academic and Research Network (AARNet),-37.7854,144.9614,131.170.0.105,Victoria,Carlton North,Australia
aiou.edu.pk,PERN AS Content Servie Provider Islamabad Pakistan,33.6979,73.0176,111.68.97.45,Islamabad,Islamabad,Pakistan
usf.edu,USF,37.751,-97.822,131.247.1.40,None,None,United States
sc.edu,SC-AS,37.751,-97.822,65.122.170.137,None,None,United States
miami.edu,MICROSOFT-CORP-MSN-AS-BLOCK,38.7095,-78.1539,13.68.209.221,Virginia,Washington,United States
uconn.edu,UCONN-ARIN,37.751,-97.822,137.99.26.48,None,None,United States
uic.edu,UIC-AS,41.8783,-87.6907,128.248.155.15,Illinois,Chicago,United States
wayne.edu,MERIT-AS-14,42.4681,-83.1882,141.217.1.160,Michigan,Oak Park,United States
ccc.edu,AMAZON-AES,39.0481,-77.4728,52.44.45.178,Virginia,Ashburn,United States
oiu.edu.sd,Krystal Hosting Ltd,51.4964,-0.1224,77.72.0.94,None,None,United Kingdom
nap.edu,NAS-AS,37.751,-97.822,144.171.20.6,None,None,United States
open.edu,Jisc Services Limited,51.4964,-0.1224,137.108.200.104,None,None,United Kingdom
uga.edu,ASN-GIGENET,37.751,-97.822,209.212.159.183,None,None,United States
rice.edu,RICE-AS,29.6865,-95.4337,128.42.207.44,Texas,Houston,United States
cccd.edu,CCCD-AS,37.751,-97.822,159.115.18.182,None,None,United States
uillinois.edu,ASN-UIUC-REGION-AS,37.751,-97.822,64.22.183.125,None,None,United States
brown.edu,BROWN,41.8307,-71.3982,128.148.252.151,Rhode Island,Providence,United States
uvm.edu,UVM-EDU-AS,44.8098,-73.0918,132.198.101.197,Vermont,Saint Albans,United States
byui.edu,BRIGHAM-YOUNG-UNIVERSITY-IDAHO,37.751,-97.822,157.201.130.149,None,None,United States
gcu.edu,GCU,33.5141,-112.1235,137.152.22.189,Arizona,Phoenix,United States
ien.edu.sa,MICROSOFT-CORP-MSN-AS-BLOCK,25.2633,55.3087,40.123.226.33,Dubai,Dubai,United Arab Emirates
mtsu.edu,MTSU,35.6447,-86.2046,161.45.158.116,Tennessee,Beechgrove,United States
artic.edu,THE-ART-INST,41.9703,-87.664,198.40.31.39,Illinois,Chicago,United States
smu.edu,SMU,32.7943,-96.7462,129.119.70.169,Texas,Dallas,United States
marmara.edu.tr,Marmara University,41.0214,28.9948,193.140.143.43,None,None,Turkey
montana.edu,MSU-BOZEMAN,45.6714,-111.0436,153.90.3.95,Montana,Bozeman,United States
nau.edu,RMH-14,37.751,-97.822,198.90.22.157,None,None,United States
tafensw.edu.au,TAFE NSW,-33.8591,151.2002,103.91.192.20,New South Wales,Sydney,Australia
ucsc.edu,UCSC,37.751,-97.822,128.114.109.5,None,None,United States
csulb.edu,CSUNET-NW,34.0322,-118.2836,134.139.19.49,California,Los Angeles,United States
utep.edu,ASN-UTEP,31.8378,-106.538,129.108.0.145,Texas,El Paso,United States
selcuk.edu.tr,National Academic Network and Information Center,39.7339,30.5338,193.140.140.104,Eskişehir,Eskişehir,Turkey
kku.edu.sa,King Abdul Aziz City for Science and Technology,18.2164,42.5053,212.26.68.64,'Asir Region,Abha,Saudi Arabia
niu.edu,NIU,37.751,-97.822,131.156.223.14,None,None,United States
palmbeachstate.edu,PBCC,26.5991,-80.1284,216.114.95.98,Florida,Lake Worth,United States
saddleback.edu,CSUNET-NW,33.6128,-117.6622,209.129.85.100,California,Mission Viejo,United States
macomb.edu,LVLT-3549,34.1108,-81.195,216.54.215.94,South Carolina,Irmo,United States
tcu.edu,EDGE-HOSTING,37.751,-97.822,69.63.129.55,None,None,United States
uwi.edu,JAMNET,18.2503,-77.4978,196.2.1.162,None,None,Jamaica
ku.edu,UKANS,37.751,-97.822,129.237.11.76,None,None,United States
iium.edu.my,International Islamic University Of Malaysia,3.1962,101.7121,210.48.222.141,Kuala Lumpur,Kuala Lumpur,Malaysia
hofstra.edu,AMAZON-AES,39.0481,-77.4728,107.20.231.141,Virginia,Ashburn,United States
unf.edu,UNIVERSITY-OF-NORTH-FLORIDA,37.751,-97.822,139.62.234.121,None,None,United States
uvu.edu,WEST-NET-WEST,40.2783,-111.7198,161.28.25.131,Utah,Orem,United States
umsl.edu,UNIVERSITY-OF-MISSOURI-SYSTEM-INTER-CAMPUS-NETWORK,38.6706,-90.3705,134.124.1.234,Missouri,St Louis,United States
cod.edu,COD-GE-IL,41.864,-88.0671,192.203.136.239,Illinois,Glen Ellyn,United States
ucv.edu.pe,ECONOCABLE MEDIA SAC,-12.0464,-77.0428,181.224.246.196,Lima,Lima,Peru
esan.edu.pe,MEDIATEMPLE,37.751,-97.822,72.47.195.207,None,None,United States
uj.edu.sa,GulfNet KSA,21.5168,39.2192,82.147.204.98,Mecca Region,Jeddah,Saudi Arabia
slcc.edu,SLCC,40.5541,-111.9429,144.35.15.166,Utah,South Jordan,United States
arabou.edu.kw,Gulfnet Kuwait,29.3274,48.041,185.187.176.174,Hawalli,Bayan,Kuwait
nova.edu,NOVASOUTHEASTERNAS,37.751,-97.822,137.52.141.35,None,None,United States
dcccd.edu,MICROSOFT-CORP-MSN-AS-BLOCK,29.4221,-98.4926,40.84.138.10,Texas,San Antonio,United States
wvm.edu,CSUNET-NW,37.2295,-121.9865,209.129.128.137,California,Los Gatos,United States
utsouthwestern.edu,SWMED,37.751,-97.822,199.242.239.24,None,None,United States
pnu.edu.sa,GulfNet KSA,24.6569,46.7179,85.194.123.18,Riyadh Region,Riyadh,Saudi Arabia
uark.edu,UARK-FAYETTEVILLE,37.751,-97.822,130.184.65.3,None,None,United States
butte.edu,CSUNET-NW,35.497,-119.2801,198.189.20.50,California,Shafter,United States
uotechnology.edu.iq,CLOUDFLARENET,37.751,-97.822,172.67.74.186,None,None,United States
miracosta.edu,EDGE-HOSTING,32.9247,-96.8917,212.69.159.94,Texas,Dallas,United States
orangecoastcollege.edu,CCCD-AS,37.751,-97.822,159.115.10.14,None,None,United States
bdu.edu.et,Ethiopian Telecommunication Corporation,8,38,213.55.102.54,None,None,Ethiopia
bahria.edu.pk,PERN AS Content Servie Provider Islamabad Pakistan,33.6979,73.0176,111.68.99.3,Islamabad,Islamabad,Pakistan
csusm.edu,CSUNET-NW,37.751,-97.822,144.37.5.45,None,None,United States
unomaha.edu,NU-AS,37.751,-97.822,137.48.1.231,None,None,United States
uksw.edu,Universitas Kristen Satya Wacana,-6.1728,106.8272,103.9.183.10,None,None,Indonesia
ucanr.edu,UCDAVIS-CORE,38.7061,-122.0152,128.120.155.15,California,Esparto,United States
uhv.edu,AMAZON-AES,37.751,-97.822,52.6.105.216,None,None,United States
mesacc.edu,MARICOPA-COUNTY-COMMUNITY-COLLEGE-DISTRICT,33.3825,-111.875,140.198.64.99,Arizona,Mesa,United States
uthsc.edu,UTMEM,35.0324,-89.8145,128.169.0.51,Tennessee,Memphis,United States
chaffey.edu,LVLT-3549,34.1108,-81.195,216.54.215.40,South Carolina,Irmo,United States
apu.edu,APU-AS,34.1371,-117.6599,199.184.237.186,California,Upland,United States
comsats.edu.pk,Commission on Science and Technology for,30,70,210.56.11.84,None,None,Pakistan
uncw.edu,MICROSOFT-CORP-MSN-AS-BLOCK,38.7095,-78.1539,104.45.152.13,Virginia,Washington,United States
endicott.edu,MICROSOFT-CORP-MSN-AS-BLOCK,38.7095,-78.1539,52.168.3.41,Virginia,Washington,United States
greenriver.edu,WA-K20,37.751,-97.822,134.39.101.95,None,None,United States
louisiana.edu,UL-LAFAYETTE-1,30.181,-92.0477,130.70.8.142,Louisiana,Lafayette,United States
utesa.edu,MICROSOFT-CORP-MSN-AS-BLOCK,36.6534,-78.375,137.116.59.128,Virginia,Boydton,United States
snow.edu,WEST-NET-WEST,39.5232,-111.5039,144.17.90.20,Utah,Mount Pleasant,United States
usi.edu,USI-2-ASN,37.751,-97.822,192.206.10.36,None,None,United States
aub.edu.lb,MICROSOFT-CORP-MSN-AS-BLOCK,53.3379,-6.2591,40.127.138.74,Leinster,Dublin,Ireland
iau.edu.sa,Dammam University,26.4336,50.1116,91.227.24.32,Eastern Province,Dammam,Saudi Arabia
centralmethodist.edu,MORENET,39.1453,-92.6534,192.245.43.58,Missouri,Fayette,United States
stanford.edu,STANFORD,37.751,-97.822,171.67.215.200,None,None,United States
www.stanford.edu,Cloudflare London LLC,37.751,-97.822,141.193.213.20,None,None,United States
www.cornell.edu,MICROSOFT-CORP-MSN-AS-BLOCK,38.7095,-78.1539,20.42.25.107,Virginia,Washington,United States
taibahu.edu.sa,MICROSOFT-CORP-MSN-AS-BLOCK,52.3759,4.8975,137.117.142.75,North Holland,Amsterdam,Netherlands
llu.edu,LLUMC,34.0544,-117.2555,151.112.124.102,California,Loma Linda,United States
www.asu.edu,CLOUDFLARENET,37.751,-97.822,104.16.50.14,None,None,United States
www.illinois.edu,UIUC,37.751,-97.822,192.17.172.3,None,None,United States
www.ufl.edu,NERDCNET,29.6138,-82.386,128.227.9.98,Florida,Gainesville,United States
www.istanbul.edu.tr,National Academic Network and Information Center,41.0209,28.9217,194.27.128.98,Istanbul,Istanbul,Turkey
www.uci.edu,UCINET-AS,33.6459,-117.843,128.195.188.232,California,Irvine,United States
www.washington.edu,WASHINGTON-AS,37.751,-97.822,128.95.155.135,None,None,United States
www.anadolu.edu.tr,Turk Telekom,41.0655,28.9534,212.175.41.18,Istanbul,Sisli,Turkey
www.ksu.edu.sa,MICROSOFT-CORP-MSN-AS-BLOCK,52.3759,4.8975,52.174.29.241,North Holland,Amsterdam,Netherlands
www.tamu.edu,TAMU,30.6032,-96.3136,165.91.22.70,Texas,College Station,United States
www.minnstate.edu,MICROSOFT-CORP-MSN-AS-BLOCK,41.8483,-87.6517,65.52.217.59,Illinois,Chicago,United States
www.cuhk.edu.hk,NEXUSGUARD LIMITED,22.2578,114.1657,27.126.235.25,None,None,Hong Kong
www.uw.edu,WASHINGTON-AS,37.751,-97.822,128.95.155.198,None,None,United States
www.oregonstate.edu,ORST-AS,44.5928,-123.2746,128.193.4.112,Oregon,Corvallis,United States
www.fiu.edu,MICROSOFT-CORP-MSN-AS-BLOCK,38.7095,-78.1539,40.76.218.33,Virginia,Washington,United States
www.sjtu.edu.cn,CERNET2 IX at Shanghai Jiaotong University,34.7732,113.722,202.120.2.119,None,None,China
www.uitm.edu.my,University ITM Shah Alam Selangor Malaysia,3.0763,101.5168,202.58.80.95,Selangor,Shah Alam,Malaysia
www.aiou.edu.pk,PERN AS Content Servie Provider Islamabad Pakistan,33.6979,73.0176,111.68.97.45,Islamabad,Islamabad,Pakistan
www.ohio-state.edu,OSUNET-AS,37.751,-97.822,140.254.112.210,None,None,United States
www.ntu.edu.tw,National Taiwan University,25.0333,121.5333,140.112.8.116,Taipei City,None,Taiwan
www.sc.edu,SC-AS,37.751,-97.822,65.122.170.137,None,None,United States
www.sdsu.edu,CLOUDFLARENET,37.751,-97.822,104.25.91.16,None,None,United States
www.uconn.edu,UCONN-ARIN,37.751,-97.822,137.99.26.48,None,None,United States
www.uic.edu,UIC-AS,41.8783,-87.6907,128.248.155.15,Illinois,Chicago,United States
elearning.edu.sa,ASMALLORANGE1,37.751,-97.822,129.121.5.250,None,None,United States
www.wayne.edu,MERIT-AS-14,42.4681,-83.1882,141.217.1.160,Michigan,Oak Park,United States
www.oiu.edu.sd,Krystal Hosting Ltd,51.4964,-0.1224,77.72.0.94,None,None,United Kingdom
sspu.edu.cn,China Telecom (Group),34.7732,113.722,101.226.177.160,None,None,China
www.sspu.edu.cn,China Telecom (Group),34.7732,113.722,101.226.177.160,None,None,China
www.utdallas.edu,CLOUDFLARENET,37.751,-97.822,104.16.43.54,None,None,United States
www.open.edu,Jisc Services Limited,51.4964,-0.1224,137.108.200.104,None,None,United Kingdom
www.uga.edu,ASN-GIGENET,37.751,-97.822,209.212.159.183,None,None,United States
www.shmtu.edu.cn,China Telecom (Group),31.0549,121.3493,58.40.126.13,Shanghai,Shanghai,China
www.american.edu,AMUAS1,39.21,-77.3167,147.9.4.136,Maryland,Boyds,United States
fordham.edu,FORDHAM-UNIVERSITY,37.751,-97.822,150.108.28.79,None,None,United States
www.uvm.edu,UVM-EDU-AS,44.8098,-73.0918,132.198.101.197,Vermont,Saint Albans,United States
stcloudstate.edu,MSUS-AS,45.5722,-94.2042,199.17.15.181,Minnesota,Saint Cloud,United States
www.stcloudstate.edu,MSUS-AS,45.5722,-94.2042,199.17.15.181,Minnesota,Saint Cloud,United States
www.gcu.edu,CLOUDFLARENET,37.751,-97.822,104.17.107.55,None,None,United States
www.baylor.edu,CLOUDFLARENET,37.751,-97.822,104.16.62.32,None,None,United States
www.mtsu.edu,MTSU,35.6447,-86.2046,161.45.158.116,Tennessee,Beechgrove,United States
www.smu.edu,SMU,32.7943,-96.7462,129.119.70.166,Texas,Dallas,United States
www.montana.edu,CLOUDFLARENET,37.751,-97.822,104.25.239.85,None,None,United States
bsu.edu.ru,PJSC MegaFon,50.6028,36.5794,188.170.217.59,Belgorod Oblast,Belgorod,Russia
www.bsu.edu.ru,PJSC MegaFon,50.6028,36.5794,188.170.217.59,Belgorod Oblast,Belgorod,Russia
www.saddleback.edu,CSUNET-NW,33.6128,-117.6622,209.129.85.100,California,Mission Viejo,United States
www.unis.edu.br,Cloudflare London- LLC,37.751,-97.822,199.60.103.225,None,None,United States
www.ucsc.edu,UCSC,37.751,-97.822,128.114.109.5,None,None,United States
www.upf.edu,CLOUDFLARENET,37.751,-97.822,104.16.112.107,None,None,United States
itu.edu.tr,Istanbul Teknik Universitesi,41.0205,28.9753,160.75.25.12,Istanbul,Istanbul,Turkey
www.itu.edu.tr,Istanbul Teknik Universitesi,41.0205,28.9753,160.75.25.12,Istanbul,Istanbul,Turkey
www.utep.edu,ASN-UTEP,31.8378,-106.538,129.108.0.145,Texas,El Paso,United States
www.kku.edu.sa,King Abdul Aziz City for Science and Technology,18.2164,42.5053,212.26.68.64,'Asir Region,Abha,Saudi Arabia
www.nctu.edu.tw,National Chiao Tung University,24.8065,120.9706,140.113.43.18,Hsinchu,Hsinchu,Taiwan
www.niu.edu,NIU,37.751,-97.822,131.156.223.14,None,None,United States
www.univalle.edu.co,Asociacion Red Universitaria de Alta Velocidad del Valle del Cauca,3.4129,-76.5191,45.5.164.112,Departamento del Valle del Cauca,Santiago de Cali,Colombia
www.uwa.edu.au,MICROSOFT-CORP-MSN-AS-BLOCK,-37.7792,144.9127,13.70.147.206,Victoria,Ascot Vale,Australia
www.mass.edu,MASSACHUSETTS,42.3026,-71.4306,170.63.127.166,Massachusetts,Framingham,United States
www.macomb.edu,LVLT-3549,34.1108,-81.195,216.54.215.94,South Carolina,Irmo,United States
www.tcu.edu,EDGE-HOSTING,37.751,-97.822,69.63.129.55,None,None,United States
www.uwi.edu,JAMNET,18.2503,-77.4978,196.2.1.162,None,None,Jamaica
www.ku.edu,UKANS,37.751,-97.822,129.237.11.76,None,None,United States
www.iium.edu.my,International Islamic University Of Malaysia,3.1962,101.7121,210.48.222.141,Kuala Lumpur,Kuala Lumpur,Malaysia
www.ucsf.edu,CLOUDFLARENET,37.751,-97.822,104.17.94.1,None,None,United States
www.unf.edu,UNIVERSITY-OF-NORTH-FLORIDA,37.751,-97.822,139.62.234.143,None,None,United States
fhda.edu,FHDA-AS,37.751,-97.822,153.18.96.155,None,None,United States
www.fhda.edu,FHDA-AS,37.751,-97.822,153.18.96.155,None,None,United States
www.uvu.edu,WEST-NET-WEST,40.2783,-111.7198,161.28.25.131,Utah,Orem,United States
www.aiu.edu,CLOUDFLARENET,37.751,-97.822,104.20.60.38,None,None,United States
www.ntnu.edu.tw,National Taiwan Normal University,24.9889,121.3176,140.122.65.193,Taoyuan,Taoyuan District,Taiwan
www.umsl.edu,UNIVERSITY-OF-MISSOURI-SYSTEM-INTER-CAMPUS-NETWORK,38.6706,-90.3705,134.124.1.234,Missouri,St Louis,United States
www.cod.edu,COD-GE-IL,41.864,-88.0671,192.203.136.239,Illinois,Glen Ellyn,United States
www.nycu.edu.tw,National Chiao Tung University,24.8065,120.9706,140.113.199.53,Hsinchu,Hsinchu,Taiwan
www.scu.edu,GOOGLE,39.1028,-94.5778,34.107.151.86,Missouri,Kansas City,United States
www.ucmerced.edu,CONTE-25-BLA-RST,37.751,-97.822,162.249.105.233,None,None,United States
www.esan.edu.pe,MEDIATEMPLE,37.751,-97.822,72.47.195.207,None,None,United States
www.uj.edu.sa,GulfNet KSA,21.5168,39.2192,82.147.204.98,Mecca Region,Jeddah,Saudi Arabia
ka1.edu.pl,home.pl S.A.,52.2394,21.0362,79.96.117.225,None,None,Poland
www.ka1.edu.pl,home.pl S.A.,52.2394,21.0362,79.96.117.225,None,None,Poland
www.nova.edu,NOVASOUTHEASTERNAS,37.751,-97.822,137.52.141.35,None,None,United States
uf.edu,NERDCNET,29.6138,-82.386,128.227.9.98,Florida,Gainesville,United States
www.uf.edu,NERDCNET,29.6138,-82.386,128.227.9.98,Florida,Gainesville,United States
www.dcccd.edu,MICROSOFT-CORP-MSN-AS-BLOCK,29.4221,-98.4926,40.84.138.10,Texas,San Antonio,United States
www.wvm.edu,CSUNET-NW,37.2295,-121.9865,209.129.128.137,California,Los Gatos,United States
www.pnu.edu.sa,GulfNet KSA,24.6569,46.7179,85.194.123.18,Riyadh Region,Riyadh,Saudi Arabia
www.uark.edu,UARK-FAYETTEVILLE,37.751,-97.822,130.184.64.105,None,None,United States
www.butte.edu,CSUNET-NW,35.497,-119.2801,198.189.20.50,California,Shafter,United States
www.unlam.edu.ar,Red de Interconexion Universitaria,-34.6011,-58.3847,170.210.32.98,Buenos Aires F.D.,Buenos Aires,Argentina
www.miracosta.edu,EDGE-HOSTING,32.9247,-96.8917,212.69.159.94,Texas,Dallas,United States
www.educause.edu,CLOUDFLARENET,37.751,-97.822,104.20.33.250,None,None,United States
www.ashford.edu,CLOUDFLARENET,37.751,-97.822,104.16.249.250,None,None,United States
www.llu.edu,LLUMC,34.0544,-117.2555,151.112.124.102,California,Loma Linda,United States
www.inter.edu,MICROSOFT-CORP-MSN-AS-BLOCK,38.7095,-78.1539,137.135.91.176,Virginia,Washington,United States
www.umb.edu,CLOUDFLARENET,37.751,-97.822,104.20.2.102,None,None,United States
www.bahria.edu.pk,PERN AS Content Servie Provider- Islamabad- Pakistan,33.6979,73.0176,111.68.99.3,Islamabad,Islamabad,Pakistan
www.csusm.edu,CSUNET-NW,37.751,-97.822,144.37.5.45,None,None,United States
elac.edu,CSUNET-NW,37.7642,-122.3993,205.154.255.101,California,San Francisco,United States
www.elac.edu,CSUNET-NW,37.7642,-122.3993,205.154.255.101,California,San Francisco,United States
www.mesacc.edu,MARICOPA-COUNTY-COMMUNITY-COLLEGE-DISTRICT,33.3825,-111.875,140.198.64.99,Arizona,Mesa,United States
www.sjcny.edu,CLOUDFLARENET,37.751,-97.822,104.25.22.27,None,None,United States
www.uthsc.edu,UTMEM,35.0324,-89.8145,128.169.0.51,Tennessee,Memphis,United States
www.chaffey.edu,LVLT-3549,34.1108,-81.195,216.54.215.40,South Carolina,Irmo,United States
www.northwell.edu,CLOUDFLARENET,37.751,-97.822,104.17.149.183,None,None,United States
www.apu.edu,APU-AS,34.1371,-117.6599,199.184.237.186,California,Upland,United States
www.uncw.edu,MICROSOFT-CORP-MSN-AS-BLOCK,38.7095,-78.1539,104.45.152.13,Virginia,Washington,United States
www.astate.edu,ASUNET,35.7767,-90.7694,147.97.50.204,Arkansas,Jonesboro,United States
www.greenriver.edu,WA-K20,37.751,-97.822,134.39.101.95,None,None,United States
www.waketech.edu,CLOUDFLARENET,37.751,-97.822,104.17.155.81,None,None,United States
www.louisiana.edu,UL-LAFAYETTE-1,30.181,-92.0477,130.70.8.142,Louisiana,Lafayette,United States
www.usi.edu,USI-2-ASN,37.751,-97.822,192.206.10.36,None,None,United States
cambridge.edu.au,CLOUDFLARENET,37.751,-97.822,104.17.235.89,None,None,United States
www.cambridge.edu.au,CLOUDFLARENET,37.751,-97.822,104.17.233.89,None,None,United States
indwes.edu,LVLT-3549,34.1108,-81.195,216.54.215.75,South Carolina,Irmo,United States
www.indwes.edu,LVLT-3549,34.1108,-81.195,216.54.215.75,South Carolina,Irmo,United States
shu.edu.tw,Taiwan Academic Network (TANet) Information Center,23.5,121,192.192.159.98,None,None,Taiwan
www.shu.edu.tw,Taiwan Academic Network (TANet) Information Center,23.5,121,192.192.159.98,None,None,Taiwan
swccd.edu,NETFORMANCE,37.751,-97.822,38.96.12.33,None,None,United States
www.swccd.edu,NETFORMANCE,37.751,-97.822,38.96.12.33,None,None,United States
tc.edu.tw,Taiwan Academic Network (TANet) Information Center,23.5,121,163.17.40.10,None,None,Taiwan
www.tc.edu.tw,Taiwan Academic Network (TANet) Information Center,23.5,121,163.17.40.10,None,None,Taiwan
nust.edu.pk,PERN AS Content Servie Provider- Islamabad- Pakistan,34.3333,73.2,111.68.101.98,Khyber Pakhtunkhwa,Mansehra,Pakistan
www.nust.edu.pk,PERN AS Content Servie Provider- Islamabad- Pakistan,34.3333,73.2,111.68.101.98,Khyber Pakhtunkhwa,Mansehra,Pakistan
augusta.edu,RMH-14,37.751,-97.822,199.79.49.154,None,None,United States
www.augusta.edu,RMH-14,37.751,-97.822,199.79.49.154,None,None,United States
uis.edu,UIS-AS,37.751,-97.822,192.102.230.95,None,None,United States
www.uis.edu,UIS-AS,37.751,-97.822,192.102.230.95,None,None,United States
www.snow.edu,WEST-NET-WEST,39.5232,-111.5039,144.17.90.20,Utah,Mount Pleasant,United States
mc3.edu,MCCC,40.3205,-75.352,192.245.50.80,Pennsylvania,Telford,United States
www.mc3.edu,MCCC,40.3205,-75.352,192.245.50.80,Pennsylvania,Telford,United States
colombiaaprende.edu.co,Media Commerce Partners S.A,4.6351,-74.0703,170.254.228.150,Bogota D.C.,Bogotá,Colombia
www.colombiaaprende.edu.co,Media Commerce Partners S.A,4.6351,-74.0703,170.254.228.150,Bogota D.C.,Bogotá,Colombia
www.ucuenca.edu.ec,CEDIA,-2.1664,-79.9011,190.15.133.7,Provincia del Guayas,Guayaquil,Ecuador
istanbulc.edu.tr,National Academic Network and Information Center,41.0209,28.9217,194.27.128.98,Istanbul,Istanbul,Turkey
www.istanbulc.edu.tr,National Academic Network and Information Center,41.0209,28.9217,194.27.128.98,Istanbul,Istanbul,Turkey
fgcu.edu,MICROSOFT-CORP-MSN-AS-BLOCK,36.6534,-78.375,52.179.191.54,Virginia,Boydton,United States
www.fgcu.edu,MICROSOFT-CORP-MSN-AS-BLOCK,36.6534,-78.375,40.70.5.150,Virginia,Boydton,United States
acu.edu.au,MICROSOFT-CORP-MSN-AS-BLOCK,-37.8159,144.9669,40.127.66.36,Victoria,Melbourne,Australia
www.acu.edu.au,MICROSOFT-CORP-MSN-AS-BLOCK,-37.8159,144.9669,40.127.66.36,Victoria,Melbourne,Australia
quinnipiac.edu,QUINNIPIAC-UNIVERSITY,41.4097,-72.911,192.152.243.60,Connecticut,Hamden,United States
www.quinnipiac.edu,QUINNIPIAC-UNIVERSITY,41.3484,-72.9117,162.221.8.60,Connecticut,Hamden,United States
epn.edu.ec,CEDIA,-2.1664,-79.9011,190.15.133.21,Provincia del Guayas,Guayaquil,Ecuador
www.epn.edu.ec,CEDIA,-2.1664,-79.9011,190.15.133.21,Provincia del Guayas,Guayaquil,Ecuador
spokane.edu,WA-K20,47.738,-117.2557,134.39.168.32,Washington,Spokane,United States
artcenter.edu,ARTCENTERCAMPUSES,37.751,-97.822,204.17.178.28,None,None,United States
www.artcenter.edu,ARTCENTERCAMPUSES,37.751,-97.822,204.17.178.28,None,None,United States
uncg.edu,UNC-GREENSBORO,37.751,-97.822,152.13.17.98,None,None,United States
www.uncg.edu,MICROSOFT-CORP-MSN-AS-BLOCK,37.751,-97.822,13.107.246.13,None,None,United States
musc.edu,MUSC,32.797,-80.003,128.23.34.229,South Carolina,Charleston,United States
www.musc.edu,MUSC,32.797,-80.003,128.23.34.229,South Carolina,Charleston,United States
www.fju.edu.tw,Fu Jen Catholic University,23.5,121,140.136.251.131,None,None,Taiwan
etsu.edu,ETSU-NET,37.751,-97.822,151.141.244.241,None,None,United States
www.etsu.edu,ETSU-NET,37.751,-97.822,151.141.244.241,None,None,United States
www.northsouth.edu,LEASEWEB-USA-SFO-12,37.751,-97.822,199.223.209.19,None,None,United States
fhaycs-uader.edu.ar,PALA PABLO FEDERICO,-31.7279,-60.5293,164.163.57.32,Entre Rios,Paraná,Argentina
www.fhaycs-uader.edu.ar,PALA PABLO FEDERICO,-31.7279,-60.5293,164.163.57.32,Entre Rios,Paraná,Argentina
www.openuniversity.edu,Jisc Services Limited,51.4964,-0.1224,137.108.200.106,None,None,United Kingdom
utem.edu.my,Universiti Teknikal Malaysia Melaka,2.2982,102.2824,103.198.52.31,Melaka,Durian Tunggal,Malaysia
www.utem.edu.my,Universiti Teknikal Malaysia Melaka,2.2982,102.2824,103.198.52.31,Melaka,Durian Tunggal,Malaysia
numl.edu.pk,PERN AS Content Servie Provider- Islamabad- Pakistan,33.6979,73.0176,111.68.97.117,Islamabad,Islamabad,Pakistan
www.numl.edu.pk,PERN AS Content Servie Provider- Islamabad- Pakistan,33.6979,73.0176,111.68.97.117,Islamabad,Islamabad,Pakistan
www.stevens.edu,CLOUDFLARENET,37.751,-97.822,104.16.126.51,None,None,United States
lynn.edu,NEXCESS-NET,37.751,-97.822,104.207.247.227,None,None,United States
upc.edu.pe,MICROSOFT-CORP-MSN-AS-BLOCK,36.6534,-78.375,137.116.88.213,Virginia,Boydton,United States
www.upc.edu.pe,CLOUDFLARENET,37.751,-97.822,104.20.73.187,None,None,United States
aiims.edu,Primesoftex Ltd,28.6145,77.3063,203.115.96.82,Uttar Pradesh,Noida,India
www.aiims.edu,Primesoftex Ltd,28.6145,77.3063,203.115.96.82,Uttar Pradesh,Noida,India
gcuf.edu.pk,SINGLEHOP-LLC,52.2832,4.7521,107.6.141.50,North Holland,Amsterdam,Netherlands
www.gcuf.edu.pk,SINGLEHOP-LLC,52.2832,4.7521,107.6.141.50,North Holland,Amsterdam,Netherlands
ucacue.edu.ec,CEDIA,-2.1664,-79.9011,190.15.133.186,Provincia del Guayas,Guayaquil,Ecuador
www.ucacue.edu.ec,CEDIA,-2.1664,-79.9011,190.15.133.186,Provincia del Guayas,Guayaquil,Ecuador
marynka.edu.pl,H88 S.A.,52.2394,21.0362,195.78.66.116,None,None,Poland
www.marynka.edu.pl,H88 S.A.,52.2394,21.0362,195.78.66.116,None,None,Poland
wypracowanie.edu.pl,Hetzner Online GmbH,51.2993,9.491,136.243.132.217,None,None,Germany
www.wypracowanie.edu.pl,Hetzner Online GmbH,51.2993,9.491,136.243.132.217,None,None,Germany
washburn.edu,WASHBURN-UNIVERSITY,39.0421,-95.7187,198.252.10.3,Kansas,Topeka,United States
www.washburn.edu,WASHBURN-UNIVERSITY,39.0421,-95.7187,198.252.10.3,Kansas,Topeka,United States
lu.edu.qa,MICROSOFT-CORP-MSN-AS-BLOCK,52.3759,4.8975,13.69.68.45,North Holland,Amsterdam,Netherlands
www.lu.edu.qa,MICROSOFT-CORP-MSN-AS-BLOCK,52.3759,4.8975,13.69.68.45,North Holland,Amsterdam,Netherlands
www.uhb.edu.sa,Saudi Telecom Company JSC,24.6569,46.7179,94.97.103.93,Riyadh Region,Riyadh,Saudi Arabia
www.fairfield.edu,FAIRFIELD-UNIVERSITY,37.751,-97.822,192.160.243.84,None,None,United States
www.ferris.edu,CLOUDFLARENET,37.751,-97.822,104.17.127.98,None,None,United States
daytonastate.edu,DAYTONA-STATE-COLLEGE,29.2208,-81.014,169.139.176.52,Florida,Daytona Beach,United States
www.daytonastate.edu,DAYTONA-STATE-COLLEGE,29.2208,-81.014,169.139.176.52,Florida,Daytona Beach,United States
aus.edu,CLOUDFLARENET,37.751,-97.822,104.18.177.80,None,None,United States
www.aus.edu,CLOUDFLARENET,37.751,-97.822,104.18.176.80,None,None,United States
missioncollege.edu,CSUNET-NW,37.2295,-121.9865,209.129.147.44,California,Los Gatos,United States
www.missioncollege.edu,CSUNET-NW,37.2295,-121.9865,209.129.147.44,California,Los Gatos,United States
fscj.edu,MICROSOFT-CORP-MSN-AS-BLOCK,36.6534,-78.375,104.46.104.203,Virginia,Boydton,United States
www.fscj.edu,MICROSOFT-CORP-MSN-AS-BLOCK,36.6534,-78.375,104.46.104.203,Virginia,Boydton,United States
pnu.edu.ru,Pacific National University- Public Institution,48.4817,135.083,85.142.70.252,Khabarovsk,Khabarovsk,Russia
www.pnu.edu.ru,Pacific National University- Public Institution,48.4817,135.083,85.142.70.252,Khabarovsk,Khabarovsk,Russia
scccd.edu,AMAZON-02,37.751,-97.822,34.215.45.255,None,None,United States
www.scccd.edu,AMAZON-02,37.751,-97.822,52.40.29.202,None,None,United States
prz.edu.pl,Rzeszow University of Technology,50.004,22.0315,62.93.32.52,Subcarpathia,Rzeszów,Poland
www.prz.edu.pl,Rzeszow University of Technology,50.004,22.0315,62.93.32.24,Subcarpathia,Rzeszów,Poland
gcccd.edu,CSUNET-NW,37.751,-97.822,160.227.20.57,None,None,United States
www.gcccd.edu,CSUNET-NW,37.751,-97.822,160.227.20.57,None,None,United States
wccnet.edu,MERIT-AS-14,42.2709,-83.7268,198.111.176.8,Michigan,Ann Arbor,United States
www.wccnet.edu,CLOUDFLARENET,37.751,-97.822,104.24.1.33,None,None,United States
www.epcc.edu,EPCC-AS,37.751,-97.822,192.94.29.27,None,None,United States
www.sfc.edu,CLOUDFLARENET,37.751,-97.822,104.17.68.73,None,None,United States
kutztown.edu,KUTZTOWN-01,37.751,-97.822,156.12.1.77,None,None,United States
www.kutztown.edu,KUTZTOWN-01,37.751,-97.822,156.12.1.77,None,None,United States
ncwc.edu,INMOTION,37.751,-97.822,23.235.210.198,None,None,United States
www.ncwc.edu,INMOTION,37.751,-97.822,23.235.210.198,None,None,United States
sunysuffolk.edu,LIGHTOWER,40.8941,-73.374,198.72.10.5,New York,Centerport,United States
www.sunysuffolk.edu,LIGHTOWER,40.8941,-73.374,198.72.10.5,New York,Centerport,United States
hcmut.edu.vn,Saigon Postel Corporation,20.8567,106.6826,221.133.13.114,Haiphong,Haiphong,Vietnam
www.hcmut.edu.vn,Saigon Postel Corporation,20.8567,106.6826,221.133.13.114,Haiphong,Haiphong,Vietnam
www.llumc.edu,LLUMC,34.0544,-117.2555,151.112.124.102,California,Loma Linda,United States
midwestern.edu,COMCAST-33491,41.7609,-88.0151,204.152.156.204,Illinois,Downers Grove,United States
www.midwestern.edu,COMCAST-33491,41.7609,-88.0151,204.152.156.204,Illinois,Downers Grove,United States
iris.edu,RMH-14,37.751,-97.822,23.253.79.186,None,None,United States
www.iris.edu,RMH-14,37.751,-97.822,23.253.79.186,None,None,United States
asu.edu.ru,ZAO Astrakhan Digital Television,46.3454,48.0397,91.202.254.186,Astrakhanskaya Oblast',Astrakhan,Russia
www.asu.edu.ru,ZAO Astrakhan Digital Television,46.3454,48.0397,91.202.254.186,Astrakhanskaya Oblast',Astrakhan,Russia
www.actx.edu,AS-6620,37.751,-97.822,192.120.247.240,None,None,United States
carrollu.edu,WISCNET1-AS,42.906,-88.1232,140.104.2.2,Wisconsin,Muskego,United States
www.carrollu.edu,WISCNET1-AS,42.906,-88.1232,140.104.2.2,Wisconsin,Muskego,United States
www.fis.edu,CLOUDFLARENET,37.751,-97.822,104.17.67.73,None,None,United States
uta.edu.ec,CEDIA,-2.1664,-79.9011,190.15.133.135,Provincia del Guayas,Guayaquil,Ecuador
fresnocitycollege.edu,AMAZON-02,37.751,-97.822,34.215.45.255,None,None,United States
www.fresnocitycollege.edu,AMAZON-02,37.751,-97.822,52.40.29.202,None,None,United States
redlands.edu,MICROSOFT-CORP-MSN-AS-BLOCK,37.1807,-121.787,13.88.18.4,California,San Jose,United States
www.redlands.edu,MICROSOFT-CORP-MSN-AS-BLOCK,37.1807,-121.787,13.88.18.4,California,San Jose,United States
isikun.edu.tr,Turk Telekom,41.0205,28.9753,88.255.196.11,Istanbul,Istanbul,Turkey
www.isikun.edu.tr,Turk Telekom,41.0205,28.9753,88.255.196.11,Istanbul,Istanbul,Turkey
dypatil.edu,TATA Communications formerly VSNL is Leading ISP,20.0063,77.006,103.15.74.102,None,None,India
www.dypatil.edu,TATA Communications formerly VSNL is Leading ISP,20.0063,77.006,103.15.74.102,None,None,India
hennepintech.edu,MICROSOFT-CORP-MSN-AS-BLOCK,41.8483,-87.6517,23.101.171.94,Illinois,Chicago,United States
www.hennepintech.edu,MICROSOFT-CORP-MSN-AS-BLOCK,41.8483,-87.6517,23.101.171.94,Illinois,Chicago,United States
lau.edu.lb,CLOUDFLARENET,37.751,-97.822,104.16.222.96,None,None,United States
www.lau.edu.lb,CLOUDFLARENET,37.751,-97.822,104.16.221.96,None,None,United States
gallaudet.edu,GALLAUDET,38.9034,-76.9882,134.231.4.190,District of Columbia,Washington,United States
sac.edu,CSUNET-NW,33.7568,-117.7938,204.75.250.51,California,Santa Ana,United States
www.sac.edu,CSUNET-NW,33.7568,-117.7938,204.75.250.51,California,Santa Ana,United States
georgiasouthern.edu,RMH-14,32.988,-96.6884,162.218.137.39,Texas,Richardson,United States
www.georgiasouthern.edu,RMH-14,32.988,-96.6884,162.218.137.39,Texas,Richardson,United States
lemoyne.edu,LEMOYNE,43.0734,-76.0558,192.231.124.149,New York,East Syracuse,United States
www.lemoyne.edu,LEMOYNE,43.0734,-76.0558,192.231.124.149,New York,East Syracuse,United States
www.innovaschools.edu.co,Cloudflare London- LLC,37.751,-97.822,199.60.103.31,None,None,United States
dbq.edu,ICN-AS,42.5144,-90.693,205.221.28.52,Iowa,Dubuque,United States
www.dbq.edu,ICN-AS,42.5144,-90.693,205.221.28.52,Iowa,Dubuque,United States
fsw.edu,FSW-FMY,26.4965,-81.8206,169.139.115.10,Florida,Fort Myers,United States
www.fsw.edu,FSW-FMY,26.4965,-81.8206,169.139.115.10,Florida,Fort Myers,United States
pennfoster.edu,CLOUDFLARENET,37.751,-97.822,104.16.168.30,None,None,United States
www.pennfoster.edu,CLOUDFLARENET,37.751,-97.822,104.17.212.33,None,None,United States
pa.edu.tr,National Academic Network and Information Center,41.0214,28.9948,193.255.217.42,None,None,Turkey
www.pa.edu.tr,National Academic Network and Information Center,41.0214,28.9948,193.255.217.42,None,None,Turkey
www.cau.edu,LVLT-3549,34.1108,-81.195,216.54.215.66,South Carolina,Irmo,United States
uww.edu,UWW-EDU-ASN,37.751,-97.822,140.146.22.212,None,None,United States
www.uww.edu,UWW-EDU-ASN,37.751,-97.822,140.146.22.212,None,None,United States
smccd.edu,CSUNET-NW,37.9249,-122.51,207.62.235.45,California,Corte Madera,United States
www.smccd.edu,CSUNET-NW,37.9249,-122.51,207.62.235.45,California,Corte Madera,United States
www.nchu.edu.tw,National Chung Hsing University,23.5,121,140.120.1.20,None,None,Taiwan
unitec.edu,Columbus Networks de Honduras S. de R.L.,14.1039,-87.2137,181.189.236.138,Departamento de Francisco Morazan,Tegucigalpa,Honduras
www.unitec.edu,Columbus Networks de Honduras S. de R.L.,14.1039,-87.2137,181.189.236.138,Departamento de Francisco Morazan,Tegucigalpa,Honduras
www.tas.edu.tw,CLOUDFLARENET,37.751,-97.822,104.17.71.73,None,None,United States
fullcoll.edu,CSUNET-NW,33.884,-117.8941,207.233.83.8,California,Fullerton,United States
www.fullcoll.edu,CSUNET-NW,33.884,-117.8941,207.233.83.8,California,Fullerton,United States
collegeforcreativestudies.edu,US-SIGNAL,37.751,-97.822,65.23.73.109,None,None,United States
www.collegeforcreativestudies.edu,US-SIGNAL,37.751,-97.822,65.23.73.109,None,None,United States
ueh.edu.vn,Viettel Group,16.0016,105.9986,203.113.172.34,None,None,Vietnam
www.ueh.edu.vn,Viettel Group,16.0016,105.9986,203.113.172.34,None,None,Vietnam
sunybroome.edu,AMAZON-AES,39.0481,-77.4728,54.174.64.215,Virginia,Ashburn,United States
www.sunybroome.edu,AMAZON-AES,39.0481,-77.4728,54.174.64.215,Virginia,Ashburn,United States
aku.edu,MICROSOFT-CORP-MSN-AS-BLOCK,53.3379,-6.2591,52.156.198.57,Leinster,Dublin,Ireland
www.aku.edu,MICROSOFT-CORP-MSN-AS-BLOCK,53.3379,-6.2591,52.156.198.57,Leinster,Dublin,Ireland
gelisim.edu.tr,National Academic Network and Information Center,41.0339,28.8686,95.183.203.28,Istanbul,Bagcilar,Turkey
www.gelisim.edu.tr,National Academic Network and Information Center,41.0339,28.8686,95.183.203.28,Istanbul,Bagcilar,Turkey
uaex.edu,AREON-AS,34.0442,-94.3386,208.90.105.34,Arkansas,De Queen,United States
www.uaex.edu,AREON-AS,34.0442,-94.3386,208.90.105.34,Arkansas,De Queen,United States
furman.edu,FURMAN-2,34.8493,-82.4041,156.143.240.141,South Carolina,Greenville,United States
tafesa.edu.au,Australian Academic and Research Network (AARNet),-34.9281,138.5999,143.92.11.17,South Australia,Adelaide,Australia
www.tafesa.edu.au,Australian Academic and Research Network (AARNet),-34.9281,138.5999,143.92.11.17,South Australia,Adelaide,Australia
gram.edu,EDGE-HOSTING,37.751,-97.822,173.213.236.51,None,None,United States
www.gram.edu,EDGE-HOSTING,37.751,-97.822,173.213.236.51,None,None,United States
www.truman.edu,TRUMAN-STATE-UNIVERSITY,37.751,-97.822,150.243.160.15,None,None,United States
flinders.edu.au,Australian Academic and Research Network (AARNet),-34.9274,138.6005,129.96.88.39,South Australia,Adelaide,Australia
beykent.edu.tr,Turk Telekom,41.0214,28.9948,88.255.100.160,None,None,Turkey
www.beykent.edu.tr,Turk Telekom,41.0214,28.9948,88.255.100.160,None,None,Turkey
ulvr.edu.ec,Digital Energy Technologies Ltd.,40.7873,-74.3211,181.214.31.81,New Jersey,Bedminster,United States
www.ulvr.edu.ec,Digital Energy Technologies Ltd.,40.7873,-74.3211,181.214.31.81,New Jersey,Bedminster,United States
cobachbcs.edu.mx,AMAZON-AES,37.751,-97.822,3.215.90.177,None,None,United States
www.cobachbcs.edu.mx,AMAZON-AES,37.751,-97.822,3.215.90.177,None,None,United States
www.kmu.edu.tw,Taiwan Academic Network (TANet) Information Center,23.5,121,163.15.159.99,None,None,Taiwan
uwf.edu,UWF-ASN,30.671,-87.1737,143.88.3.75,Florida,Milton,United States
www.uwf.edu,UWF-ASN,30.671,-87.1737,143.88.3.85,Florida,Milton,United States
imsa.edu,ILLINOIS-MATH-SCIENCE,37.751,-97.822,143.195.1.67,None,None,United States
www.imsa.edu,ILLINOIS-MATH-SCIENCE,37.751,-97.822,143.195.1.67,None,None,United States
ung.edu,MICROSOFT-CORP-MSN-AS-BLOCK,38.7095,-78.1539,40.76.71.232,Virginia,Washington,United States
www.ung.edu,PEACHNET-AS1,34.5875,-83.753,168.30.193.5,Georgia,Cleveland,United States
worwic.edu,MICROSOFT-CORP-MSN-AS-BLOCK,36.6534,-78.375,137.116.35.161,Virginia,Boydton,United States
www.worwic.edu,MICROSOFT-CORP-MSN-AS-BLOCK,36.6534,-78.375,137.116.35.161,Virginia,Boydton,United States
uiuc.edu,UIUC,37.751,-97.822,192.17.172.3,None,None,United States
www.uiuc.edu,UIUC,37.751,-97.822,192.17.172.3,None,None,United States
www.carleton.edu,GOOGLE,39.1028,-94.5778,35.227.227.189,Missouri,Kansas City,United States
www.westminster.edu,SS-ASH,39.0481,-77.4728,131.153.44.94,Virginia,Ashburn,United States
uam.edu.pa,Cable Onda,8.9948,-79.523,200.46.200.67,Provincia de Panama,Panama City,Panama
www.uam.edu.pa,Cable Onda,8.9948,-79.523,200.46.200.67,Provincia de Panama,Panama City,Panama
eskisehir.edu.tr,National Academic Network and Information Center,39.7339,30.5338,161.9.208.21,Eskişehir,Eskişehir,Turkey
www.eskisehir.edu.tr,National Academic Network and Information Center,39.7339,30.5338,161.9.208.21,Eskişehir,Eskişehir,Turkey
www.uwb.edu,MICROSOFT-CORP-MSN-AS-BLOCK,37.751,-97.822,40.78.86.89,None,None,United States
www.moe.edu.my,GOOGLE,39.1028,-94.5778,34.102.176.172,Missouri,Kansas City,United States
plymouth.edu,PSC,43.7574,-71.6881,158.136.1.77,New Hampshire,Plymouth,United States
www.plymouth.edu,PSC,43.7574,-71.6881,158.136.1.77,New Hampshire,Plymouth,United States
peninsulagrammar.vic.edu.au,Micron21 Datacentre Pty Ltd,-37.7791,145.3265,27.131.110.249,Victoria,Mooroolbark,Australia
www.peninsulagrammar.vic.edu.au,Micron21 Datacentre Pty Ltd,-37.7791,145.3265,27.131.110.249,Victoria,Mooroolbark,Australia
dogus.edu.tr,Turk Telekom,41.0205,28.9753,212.174.144.131,Istanbul,Istanbul,Turkey
www.dogus.edu.tr,Turk Telekom,41.0205,28.9753,212.174.144.131,Istanbul,Istanbul,Turkey
judsonu.edu,MICROSOFT-CORP-MSN-AS-BLOCK,41.8483,-87.6517,52.162.245.82,Illinois,Chicago,United States
www.judsonu.edu,MICROSOFT-CORP-MSN-AS-BLOCK,41.8483,-87.6517,52.162.245.82,Illinois,Chicago,United States
pugetsound.edu,UPS-12-ASN,47.223,-122.5361,207.207.127.174,Washington,Tacoma,United States
www.pugetsound.edu,UPS-12-ASN,47.223,-122.5361,207.207.127.174,Washington,Tacoma,United States
sha.edu.eg,LINKdotNET,30.0355,31.223,41.128.145.101,None,None,Egypt
www.sha.edu.eg,LINKdotNET,30.0355,31.223,41.128.145.101,None,None,Egypt
utp.edu.co,Red Nacional Academica de Tecnologia Avanzada - RENATA,4.8142,-75.6946,201.131.90.22,Departamento de Risaralda,Pereira,Colombia
www.utp.edu.co,Red Nacional Academica de Tecnologia Avanzada - RENATA,4.8142,-75.6946,201.131.90.22,Departamento de Risaralda,Pereira,Colombia
niu.edu.tw,Taiwan Academic Network (TANet) Information Center,24.757,121.753,120.101.0.3,Yilan,Yilan,Taiwan
www.niu.edu.tw,Taiwan Academic Network (TANet) Information Center,24.757,121.753,120.101.0.110,Yilan,Yilan,Taiwan
bvu.edu.vn,Viettel Group,10.8104,106.6444,125.234.102.28,Ho Chi Minh,Ho Chi Minh City,Vietnam
www.bvu.edu.vn,Viettel Group,10.8104,106.6444,125.234.102.28,Ho Chi Minh,Ho Chi Minh City,Vietnam
pointpark.edu,PSC-EXT,40.4064,-79.9856,167.88.241.131,Pennsylvania,Pittsburgh,United States
www.pointpark.edu,PSC-EXT,40.4064,-79.9856,167.88.241.131,Pennsylvania,Pittsburgh,United States
mainemaritime.edu,UMAINE-SYS-AS,44.5458,-68.7313,209.222.220.80,Maine,Orland,United States
www.mainemaritime.edu,UMAINE-SYS-AS,44.5458,-68.7313,209.222.220.80,Maine,Orland,United States
eksu.edu.ng,GOTEKKY,43.7806,-79.3503,104.245.200.252,Ontario,Toronto,Canada
www.eksu.edu.ng,GOTEKKY,43.7806,-79.3503,104.245.200.252,Ontario,Toronto,Canada
www.atlm.edu,PEACHNET-AS1,37.751,-97.822,168.28.224.152,None,None,United States
qu.edu,QUINNIPIAC-UNIVERSITY,41.3484,-72.9117,162.221.8.60,Connecticut,Hamden,United States
rccd.edu,MICROSOFT-CORP-MSN-AS-BLOCK,47.6032,-122.3412,40.65.99.56,Washington,None,United States
www.rccd.edu,MICROSOFT-CORP-MSN-AS-BLOCK,47.6032,-122.3412,40.65.99.56,Washington,None,United States
sbu.edu,SBUEDU,42.0804,-78.4234,149.76.8.130,New York,Olean,United States
www.sbu.edu,SBUEDU,42.0804,-78.4234,149.76.8.130,New York,Olean,United States
urosario.edu.co,LVLT-10753,-34.6022,-58.3845,201.234.181.59,None,None,Argentina
www.urosario.edu.co,LVLT-10753,-34.6022,-58.3845,201.234.181.59,None,None,Argentina
unicauca.edu.co,UNIVERSIDAD DEL CAUCA,2.4382,-76.6132,45.231.185.43,Departamento del Cauca,Popayan,Colombia
www.unicauca.edu.co,Media Commerce Partners S.A,2.4382,-76.6132,190.107.29.232,Departamento del Cauca,Popayan,Colombia
uew.edu.gh,UNIVEDU,5.3333,-0.6167,41.74.91.153,Central Region,Winneba,Ghana
www.uew.edu.gh,UNIVEDU,5.3333,-0.6167,41.74.91.153,Central Region,Winneba,Ghana
hcmute.edu.vn,Viettel Group,21.0313,105.8516,203.113.147.177,Hanoi,Hanoi,Vietnam
www.hcmute.edu.vn,Viettel Group,21.0313,105.8516,203.113.147.177,Hanoi,Hanoi,Vietnam
gavilan.edu,CSUNET-NW,38.4549,-122.2564,207.62.201.80,California,Napa,United States
www.gavilan.edu,CSUNET-NW,38.4549,-122.2564,207.62.201.80,California,Napa,United States
rcpet.edu.tw,National Taiwan Normal University,23.5,121,140.122.228.39,None,None,Taiwan
www.rcpet.edu.tw,National Taiwan Normal University,23.5,121,140.122.228.39,None,None,Taiwan
simmons.edu,COFAN,37.751,-97.822,134.140.12.61,None,None,United States
tjc.edu,RMH-14,37.751,-97.822,72.32.66.243,None,None,United States
www.tjc.edu,RMH-14,37.751,-97.822,72.32.66.243,None,None,United States
queens.edu,RACKSPACE,37.751,-97.822,166.78.223.36,None,None,United States
www.queens.edu,RACKSPACE,37.751,-97.822,166.78.223.36,None,None,United States
adrian.edu,MERIT-AS-14,45.8249,-88.066,198.108.80.5,Michigan,Iron Mountain,United States
www.adrian.edu,MERIT-AS-14,45.8249,-88.066,198.108.80.5,Michigan,Iron Mountain,United States
pic.edu.pk,Hostinger International Limited,35,33,185.28.23.62,None,None,Cyprus
www.pic.edu.pk,Hostinger International Limited,35,33,185.28.23.62,None,None,Cyprus
hancockcollege.edu,CSUNET-NW,34.8395,-120.3905,209.129.94.62,California,Santa Maria,United States
www.hancockcollege.edu,CSUNET-NW,34.8395,-120.3905,209.129.94.62,California,Santa Maria,United States
reynolds.edu,VIRGINIA-COMMUNITY-COLLEGE-SYSTEM,37.2718,-77.4028,164.106.88.18,Virginia,Colonial Heights,United States
www.reynolds.edu,VIRGINIA-COMMUNITY-COLLEGE-SYSTEM,37.2718,-77.4028,164.106.88.18,Virginia,Colonial Heights,United States
skidmore.edu,SKIDMORE-I2-AS,37.751,-97.822,141.222.1.67,None,None,United States
www.skidmore.edu,SKIDMORE-I2-AS,37.751,-97.822,141.222.1.67,None,None,United States
www.letu.edu,GOOGLE,39.1028,-94.5778,34.96.66.226,Missouri,Kansas City,United States
xula.edu,MICROSOFT-CORP-MSN-AS-BLOCK,41.6015,-93.6127,52.176.2.229,Iowa,Des Moines,United States
www.xula.edu,MICROSOFT-CORP-MSN-AS-BLOCK,41.6015,-93.6127,52.176.2.229,Iowa,Des Moines,United States
apc.edu.au,MICROSOFT-CORP-MSN-AS-BLOCK,-37.8159,144.9669,13.77.42.39,Victoria,Melbourne,Australia
www.apc.edu.au,MICROSOFT-CORP-MSN-AS-BLOCK,-37.8159,144.9669,13.77.42.39,Victoria,Melbourne,Australia
www.cessa.edu.mx,Cloudflare London- LLC,37.751,-97.822,199.60.103.227,None,None,United States
fagro.edu.uy,Uruguay,-33,-56,164.73.52.4,None,None,Uruguay
www.fagro.edu.uy,Uruguay,-33,-56,164.73.52.4,None,None,Uruguay
up.edu.mx,MICROSOFT-CORP-MSN-AS-BLOCK,36.6534,-78.375,104.209.187.49,Virginia,Boydton,United States
www.utcv.edu.mx,Uninet S.A. de C.V.,19.4358,-99.1441,189.240.194.244,Mexico City,Mexico City,Mexico
utem.edu.mx,Dattatec.com,-32.9543,-60.6621,179.43.112.161,Santa Fe,Rosario,Argentina
www.utem.edu.mx,Dattatec.com,-32.9543,-60.6621,179.43.112.161,Santa Fe,Rosario,Argentina
uwcsea.edu.sg,CLOUDFLARENET,37.751,-97.822,104.17.71.73,None,None,United States
www.uwcsea.edu.sg,CLOUDFLARENET,37.751,-97.822,104.17.70.73,None,None,United States
nyiad.edu,CLOUDFLARENET,37.751,-97.822,104.18.160.220,None,None,United States
www.nyiad.edu,CLOUDFLARENET,37.751,-97.822,104.18.160.220,None,None,United States
ri.edu.sg,CLOUDFLARENET,37.751,-97.822,104.20.41.94,None,None,United States
www.ri.edu.sg,CLOUDFLARENET,37.751,-97.822,104.20.40.94,None,None,United States
koi.edu.au,A2HOSTING,37.751,-97.822,162.254.250.6,None,None,United States
www.koi.edu.au,A2HOSTING,37.751,-97.822,162.254.250.6,None,None,United States
usc.edu.au,Australian Academic and Research Network (AARNet),-26.6565,153.0841,203.29.107.86,Queensland,Sunshine Coast,Australia
www.usc.edu.au,Australian Academic and Research Network (AARNet),-26.6565,153.0841,203.29.107.86,Queensland,Sunshine Coast,Australia
naropa.edu,SOFTLAYER,37.751,-97.822,52.117.177.214,None,None,United States
www.naropa.edu,SOFTLAYER,37.751,-97.822,52.117.177.214,None,None,United States
foothill.edu,FHDA-AS,37.751,-97.822,153.18.96.219,None,None,United States
www.foothill.edu,FHDA-AS,37.751,-97.822,153.18.96.219,None,None,United States
ateneo.edu,Ateneo de Manila University,14.5955,120.9721,202.125.102.21,None,None,Philippines
www.ateneo.edu,Ateneo de Manila University,14.5955,120.9721,202.125.102.21,None,None,Philippines
westernwyoming.edu,MICROSOFT-CORP-MSN-AS-BLOCK,41.1437,-104.8117,52.161.99.157,Wyoming,Cheyenne,United States
www.westernwyoming.edu,MICROSOFT-CORP-MSN-AS-BLOCK,41.1437,-104.8117,52.161.99.157,Wyoming,Cheyenne,United States
delmar.edu,LVLT-3549,34.1108,-81.195,216.54.215.25,South Carolina,Irmo,United States
www.delmar.edu,LVLT-3549,34.1108,-81.195,216.54.215.25,South Carolina,Irmo,United States
shoreline.edu,MICROSOFT-CORP-MSN-AS-BLOCK,37.751,-97.822,104.42.122.138,None,None,United States
www.shoreline.edu,MICROSOFT-CORP-MSN-AS-BLOCK,37.751,-97.822,104.42.122.138,None,None,United States
aiu.edu.my,Gigabit Hosting Sdn Bhd,2.5,112.5,103.27.74.23,None,None,Malaysia
www.aiu.edu.my,Gigabit Hosting Sdn Bhd,2.5,112.5,103.27.74.23,None,None,Malaysia
butlercc.edu,AMAZON-02,39.9625,-83.0061,3.12.122.9,Ohio,Columbus,United States
www.butlercc.edu,AMAZON-02,39.9625,-83.0061,3.12.122.9,Ohio,Columbus,United States
usek.edu.lb,MICROSOFT-CORP-MSN-AS-BLOCK,53.3379,-6.2591,23.102.3.51,Leinster,Dublin,Ireland
www.usek.edu.lb,MICROSOFT-CORP-MSN-AS-BLOCK,53.3379,-6.2591,23.102.3.51,Leinster,Dublin,Ireland
unl.edu.ec,CEDIA,-2.1664,-79.9011,190.15.133.30,Provincia del Guayas,Guayaquil,Ecuador
www.unl.edu.ec,CEDIA,-2.1664,-79.9011,190.15.133.30,Provincia del Guayas,Guayaquil,Ecuador
www.uesiglo21.edu.ar,Fundacion Universidad Empresarial Siglo 21,-34.6022,-58.3845,179.0.25.9,None,None,Argentina
ashtoncollege.edu.au,A2HOSTING,37.751,-97.822,85.187.128.34,None,None,United States
www.ashtoncollege.edu.au,A2HOSTING,37.751,-97.822,85.187.128.34,None,None,United States
nhu.edu.tw,Taiwan Academic Network (TANet) Information Center,23.5,121,203.72.0.65,None,None,Taiwan
www.nhu.edu.tw,Taiwan Academic Network (TANet) Information Center,23.5,121,203.72.0.65,None,None,Taiwan
cerritos.edu,CSUNET-NW,37.751,-97.822,198.188.98.19,None,None,United States
www.cerritos.edu,CSUNET-NW,37.751,-97.822,198.188.98.19,None,None,United States
aitsl.edu.au,CLOUDFLARENET,37.751,-97.822,104.20.74.40,None,None,United States
www.aitsl.edu.au,CLOUDFLARENET,37.751,-97.822,104.20.74.40,None,None,United States
alanya.edu.tr,National Academic Network and Information Center,39.9208,32.8375,161.9.201.21,Ankara,Ankara,Turkey
www.alanya.edu.tr,National Academic Network and Information Center,39.9208,32.8375,161.9.201.21,Ankara,Ankara,Turkey
stu.edu,MICROSOFT-CORP-MSN-AS-BLOCK,41.6015,-93.6127,52.176.149.197,Iowa,Des Moines,United States
www.stu.edu,MICROSOFT-CORP-MSN-AS-BLOCK,41.6015,-93.6127,52.176.149.197,Iowa,Des Moines,United States
www.aamu.edu,EDGE-HOSTING,37.751,-97.822,69.63.130.205,None,None,United States
www.uniempresarial.edu.co,MICROSOFT-CORP-MSN-AS-BLOCK,36.6534,-78.375,23.101.147.117,Virginia,Boydton,United States
chuanmen.edu.vn,VNPT Corp,16.0016,105.9986,202.92.6.16,None,None,Vietnam
www.chuanmen.edu.vn,VNPT Corp,16.0016,105.9986,202.92.6.16,None,None,Vietnam
yalova.edu.tr,National Academic Network and Information Center,41.0214,28.9948,193.255.61.32,None,None,Turkey
www.yalova.edu.tr,National Academic Network and Information Center,41.0214,28.9948,193.255.61.32,None,None,Turkey
umflint.edu,UMF-7-AS,37.751,-97.822,141.216.3.109,None,None,United States
gordon.edu,GORDONCOLLEGE,37.751,-97.822,162.12.219.10,None,None,United States
www.gordon.edu,GORDONCOLLEGE,37.751,-97.822,162.12.219.10,None,None,United States
lit.edu,MICROSOFT-CORP-MSN-AS-BLOCK,41.6015,-93.6127,52.173.134.115,Iowa,Des Moines,United States
www.lit.edu,MICROSOFT-CORP-MSN-AS-BLOCK,41.6015,-93.6127,52.173.134.115,Iowa,Des Moines,United States
floridapoly.edu,EDGE-HOSTING,37.751,-97.822,173.213.238.107,None,None,United States
www.floridapoly.edu,EDGE-HOSTING,37.751,-97.822,173.213.238.107,None,None,United States
einstein.edu,CARETECH-SOLUTIONS,37.751,-97.822,204.16.249.144,None,None,United States
www.einstein.edu,CARETECH-SOLUTIONS,37.751,-97.822,204.16.249.144,None,None,United States
scottsdalecc.edu,CLOUDFLARENET,37.751,-97.822,104.20.59.101,None,None,United States
www.scottsdalecc.edu,CLOUDFLARENET,37.751,-97.822,104.20.59.101,None,None,United States
toulouselautrec.edu.pe,GOOGLE,45.5999,-121.1871,35.212.208.195,Oregon,The Dalles,United States
www.toulouselautrec.edu.pe,GOOGLE,45.5999,-121.1871,35.212.208.195,Oregon,The Dalles,United States
upt.edu.pe,OPTICAL TECHNOLOGIES S.A.C.,-12.0464,-77.0428,161.132.207.133,Lima,Lima,Peru
www.upt.edu.pe,OPTICAL TECHNOLOGIES S.A.C.,-12.0464,-77.0428,161.132.207.133,Lima,Lima,Peru
berry.edu,LVLT-3549,34.1108,-81.195,216.54.215.35,South Carolina,Irmo,United States
www.berry.edu,LVLT-3549,34.1108,-81.195,216.54.215.35,South Carolina,Irmo,United States
unilibrecali.edu.co,Telmex Colombia S.A.,4.6351,-74.0703,190.143.117.179,Bogota D.C.,Bogotá,Colombia
www.unilibrecali.edu.co,Telmex Colombia S.A.,4.6351,-74.0703,190.143.117.179,Bogota D.C.,Bogotá,Colombia
duytan.edu.vn,Duy Tan University,16.0016,105.9986,103.7.177.9,None,None,Vietnam
www.duytan.edu.vn,Duy Tan University,16.0016,105.9986,103.7.177.9,None,None,Vietnam
landivarinspira.edu.gt,HVC-AS,37.751,-97.822,23.111.175.178,None,None,United States
www.landivarinspira.edu.gt,HVC-AS,37.751,-97.822,23.111.175.178,None,None,United States
camdencc.edu,PRIVATESYSTEMS,37.751,-97.822,170.249.198.66,None,None,United States
www.camdencc.edu,PRIVATESYSTEMS,37.751,-97.822,170.249.198.66,None,None,United States
www.carmel.edu.hk,CLOUDFLARENET,37.751,-97.822,104.17.71.73,None,None,United States
itep.edu.pe,HVC-AS,37.751,-97.822,23.111.168.154,None,None,United States
www.itep.edu.pe,HVC-AS,37.751,-97.822,23.111.168.154,None,None,United States
www.iccms.edu,TELEPAK-NETWORKS-INC,34.3831,-88.6674,207.181.38.144,Mississippi,Saltillo,United States
lincoln.edu,GO-DADDY-COM-LLC,39.0481,-77.4728,64.207.145.32,Virginia,Ashburn,United States
www.lincoln.edu,GO-DADDY-COM-LLC,39.0481,-77.4728,64.207.145.32,Virginia,Ashburn,United States
www.comfandi.edu.co,GOOGLE,37.751,-97.822,142.250.185.174,None,None,United States
iup.edu,IUP,40.6189,-79.159,144.80.198.92,Pennsylvania,Indiana,United States
www.iup.edu,IUP,40.6189,-79.159,144.80.198.92,Pennsylvania,Indiana,United States
hgtc.edu,ASN-GIGENET,37.751,-97.822,209.212.159.133,None,None,United States
www.hgtc.edu,ASN-GIGENET,37.751,-97.822,209.212.159.133,None,None,United States
nichols.edu,LIGHTOWER,42.0257,-71.0988,72.22.183.147,Massachusetts,South Easton,United States
www.nichols.edu,LIGHTOWER,42.0257,-71.0988,72.22.183.147,Massachusetts,South Easton,United States
academiaexitus.edu.pe,PRIVATESYSTEMS,37.751,-97.822,170.249.236.208,None,None,United States
www.academiaexitus.edu.pe,PRIVATESYSTEMS,37.751,-97.822,170.249.236.208,None,None,United States
www.sianet.edu.pe,INFORTECH-001,37.751,-97.822,216.237.122.66,None,None,United States
www.hkis.edu.hk,CLOUDFLARENET,37.751,-97.822,104.17.71.73,None,None,United States
barry.edu,MICROSOFT-CORP-MSN-AS-BLOCK,38.7095,-78.1539,191.236.16.34,Virginia,Washington,United States
www.barry.edu,MICROSOFT-CORP-MSN-AS-BLOCK,38.7095,-78.1539,191.236.16.34,Virginia,Washington,United States
mbs.edu,MICROSOFT-CORP-MSN-AS-BLOCK,37.751,-97.822,52.187.206.243,None,None,United States
www.mbs.edu,MICROSOFT-CORP-MSN-AS-BLOCK,37.751,-97.822,52.187.206.243,None,None,United States
www.cca.edu,CLOUDFLARENET,37.751,-97.822,104.20.88.161,None,None,United States
southern.edu,EPBTELECOM,37.751,-97.822,216.229.224.253,None,None,United States
www.southern.edu,EPBTELECOM,37.751,-97.822,216.229.224.250,None,None,United States
agri.edu.tr,National Academic Network and Information Center,39.9779,32.8015,194.27.217.9,Ankara,Ankara,Turkey
www.agri.edu.tr,National Academic Network and Information Center,39.9779,32.8015,194.27.217.9,Ankara,Ankara,Turkey
northeastern.vic.edu.au,SYNERGY WHOLESALE PTY LTD,-27.4732,153.0215,110.232.143.9,Queensland,Brisbane,Australia
www.northeastern.vic.edu.au,SYNERGY WHOLESALE PTY LTD,-27.4732,153.0215,110.232.143.9,Queensland,Brisbane,Australia
uthscsa.edu,UTHSCSA-AS,29.5042,-98.5697,129.111.12.11,Texas,San Antonio,United States
usc.edu.eg,OVH SAS,37.751,-97.822,192.99.18.229,None,None,United States
www.usc.edu.eg,OVH SAS,37.751,-97.822,192.99.18.229,None,None,United States
www.bandirma.edu.tr,National Academic Network and Information Center,39.6443,27.8116,161.9.199.55,Balıkesir,Balıkesir,Turkey
cycu.edu.tw,Taiwan Academic Network (TANet) Information Center,23.5,121,140.135.201.3,None,None,Taiwan
www.cycu.edu.tw,Taiwan Academic Network (TANet) Information Center,23.5,121,140.135.201.3,None,None,Taiwan
pegs.vic.edu.au,Hostopia Australia Web Pty Ltd,-33.8591,151.2002,101.0.119.207,New South Wales,Sydney,Australia
www.pegs.vic.edu.au,Hostopia Australia Web Pty Ltd,-33.8591,151.2002,101.0.119.207,New South Wales,Sydney,Australia
briarcliff.edu,FIBERCOMM,42.5231,-96.396,96.63.177.107,Iowa,Sioux City,United States
www.briarcliff.edu,FIBERCOMM,42.5231,-96.396,96.63.177.107,Iowa,Sioux City,United States
clayton.edu,EDGE-HOSTING,37.751,-97.822,173.213.238.155,None,None,United States
www.clayton.edu,EDGE-HOSTING,37.751,-97.822,173.213.238.155,None,None,United States
dsu.edu,MICROSOFT-CORP-MSN-AS-BLOCK,41.6015,-93.6127,23.99.192.132,Iowa,Des Moines,United States
www.dsu.edu,MICROSOFT-CORP-MSN-AS-BLOCK,41.6015,-93.6127,23.99.192.132,Iowa,Des Moines,United States
passhe.edu,SSHENET,37.751,-97.822,204.235.147.100,None,None,United States
www.passhe.edu,SSHENET,37.751,-97.822,204.235.147.100,None,None,United States
roanestate.edu,TENNESSEE-NET,37.751,-97.822,206.23.8.43,None,None,United States
www.roanestate.edu,TENNESSEE-NET,37.751,-97.822,206.23.8.43,None,None,United States
bju.edu,BJU-ASN,34.8627,-82.3186,23.151.224.70,South Carolina,Greenville,United States
boxhill.edu.au,BOX HILL INSTITUTE,-37.7967,145.2838,192.232.146.20,Victoria,Croydon,Australia
okmen.edu.vn,VNPT Corp,16.0016,105.9986,202.92.6.29,None,None,Vietnam
www.okmen.edu.vn,VNPT Corp,16.0016,105.9986,202.92.6.29,None,None,Vietnam
geelongcollege.vic.edu.au,The Geelong College,-33.494,143.2104,103.147.180.217,None,None,Australia
www.geelongcollege.vic.edu.au,The Geelong College,-33.494,143.2104,103.147.180.217,None,None,Australia
vnmu.edu.vn,SUPERDATA,16.0016,105.9986,103.252.252.29,None,None,Vietnam
www.vnmu.edu.vn,SUPERDATA,16.0016,105.9986,103.252.252.29,None,None,Vietnam
wiregrass.edu,ROSENET-1,30.8415,-83.9725,64.39.157.206,Georgia,Thomasville,United States
www.wiregrass.edu,ROSENET-1,30.8415,-83.9725,64.39.157.206,Georgia,Thomasville,United States
atu.edu.tr,National Academic Network and Information Center,36.9333,35.3333,193.140.97.74,Adana,Adana,Turkey
www.atu.edu.tr,National Academic Network and Information Center,36.9333,35.3333,193.140.97.74,Adana,Adana,Turkey
melbournepolytechnic.edu.au,MICROSOFT-CORP-MSN-AS-BLOCK,-34.9274,138.6005,52.255.54.134,South Australia,Adelaide,Australia
www.melbournepolytechnic.edu.au,MICROSOFT-CORP-MSN-AS-BLOCK,37.751,-97.822,13.107.246.13,None,None,United States
pec.edu.pk,Punjab Information Technology Board,30,70,103.226.216.153,None,None,Pakistan
www.pec.edu.pk,Punjab Information Technology Board,30,70,103.226.216.153,None,None,Pakistan
unheval.edu.pe,MICROSOFT-CORP-MSN-AS-BLOCK,38.7095,-78.1539,40.121.52.87,Virginia,Washington,United States
www.unheval.edu.pe,MICROSOFT-CORP-MSN-AS-BLOCK,38.7095,-78.1539,40.121.52.87,Virginia,Washington,United States
colegioebenezer.edu.co,SINGLEHOP-LLC,37.751,-97.822,184.154.206.199,None,None,United States
www.colegioebenezer.edu.co,SINGLEHOP-LLC,37.751,-97.822,184.154.206.199,None,None,United States
cpce-polyu.edu.hk,HK Broadband Network Ltd.,22.2795,114.146,14.136.239.59,Central and Western District,Central,Hong Kong
www.cpce-polyu.edu.hk,HK Broadband Network Ltd.,22.2795,114.146,14.136.239.59,Central and Western District,Central,Hong Kong
scripps.edu,TSRI-AS,37.751,-97.822,137.131.200.36,None,None,United States
www.scripps.edu,TSRI-AS,37.751,-97.822,137.131.200.36,None,None,United States
britain.edu.pk,Hetzner Online GmbH,51.2993,9.491,94.130.162.223,None,None,Germany
www.britain.edu.pk,Hetzner Online GmbH,51.2993,9.491,94.130.162.223,None,None,Germany
altinbas.edu.tr,MICROSOFT-CORP-MSN-AS-BLOCK,52.3759,4.8975,52.174.7.150,North Holland,Amsterdam,Netherlands
www.altinbas.edu.tr,MICROSOFT-CORP-MSN-AS-BLOCK,52.3759,4.8975,52.174.7.150,North Holland,Amsterdam,Netherlands
spu.edu,SEATTLEPACIFICUNIV,47.7491,-122.3668,72.233.151.58,Washington,Seattle,United States
www.spu.edu,SEATTLEPACIFICUNIV,47.7491,-122.3668,72.233.151.58,Washington,Seattle,United States
csbsju.edu,CLOUDFLARENET,37.751,-97.822,104.20.19.91,None,None,United States
www.csbsju.edu,CLOUDFLARENET,37.751,-97.822,172.67.33.254,None,None,United States
www.clcillinois.edu,CLC-98-ILLINOIS,42.3978,-88.1679,216.125.48.107,Illinois,Fox Lake,United States
www.hc.edu.tw,Taiwan Academic Network (TANet) Information Center,23.5,121,163.19.149.24,None,None,Taiwan
csi.edu,MICROSOFT-CORP-MSN-AS-BLOCK,47.6032,-122.3412,52.247.201.157,Washington,None,United States
www.csi.edu,MICROSOFT-CORP-MSN-AS-BLOCK,47.6032,-122.3412,52.247.201.157,Washington,None,United States
eccu.edu,CLOUDFLARENET,37.751,-97.822,104.17.235.31,None,None,United States
www.eccu.edu,CLOUDFLARENET,37.751,-97.822,104.17.234.31,None,None,United States
fvtc.edu,WISCNET1-AS,37.751,-97.822,198.150.182.21,None,None,United States
www.fvtc.edu,WISCNET1-AS,37.751,-97.822,198.150.182.21,None,None,United States
lattc.edu,CSUNET-NW,37.751,-97.822,198.188.57.2,None,None,United States
www.lattc.edu,CSUNET-NW,37.751,-97.822,198.188.57.2,None,None,United States
morton.edu,ILLINOIS-CENTURY,41.8196,-87.8247,66.99.216.143,Illinois,Lyons,United States
www.morton.edu,ILLINOIS-CENTURY,41.8196,-87.8247,66.99.216.143,Illinois,Lyons,United States
gtu.edu.tr,National Academic Network and Information Center,41.0301,28.9651,193.140.134.3,Istanbul,Istanbul,Turkey
www.gtu.edu.tr,National Academic Network and Information Center,41.0301,28.9651,193.140.134.3,Istanbul,Istanbul,Turkey
ascham.nsw.edu.au,SYNERGY WHOLESALE PTY LTD,-33.494,143.2104,103.27.34.25,None,None,Australia
www.ascham.nsw.edu.au,SYNERGY WHOLESALE PTY LTD,-33.494,143.2104,103.27.34.25,None,None,Australia
adpo.edu.ru,Domain names registrar REG.RU- Ltd,50.0848,14.4112,193.124.201.80,None,None,Czechia
msue.edu.mn,Ulaanbaatar-211213. Chingeltei district,46,105,103.14.37.64,None,None,Mongolia
www.msue.edu.mn,Ulaanbaatar-211213. Chingeltei district,46,105,103.14.37.64,None,None,Mongolia
cetcolsubsidio.edu.co,SERVERCENTRAL,37.751,-97.822,66.225.201.169,None,None,United States
www.cetcolsubsidio.edu.co,SERVERCENTRAL,37.751,-97.822,66.225.201.169,None,None,United States
pes.edu,MICROSOFT-CORP-MSN-AS-BLOCK,13.0579,80.1921,13.71.123.138,Tamil Nadu,Chennai,India
www.pes.edu,MICROSOFT-CORP-MSN-AS-BLOCK,13.0579,80.1921,13.71.123.138,Tamil Nadu,Chennai,India
colegiocreando.edu.do,SERVERCENTRAL,37.751,-97.822,216.246.112.106,None,None,United States
www.colegiocreando.edu.do,SERVERCENTRAL,37.751,-97.822,216.246.112.106,None,None,United States
opencolleges.edu.au,GOOGLE,39.1028,-94.5778,35.201.105.246,Missouri,Kansas City,United States
uzhnu.edu.ua,PE Skurykhin Mukola Volodumurovuch,33.7315,-84.4195,31.131.31.37,Georgia,Atlanta,United States
www.uzhnu.edu.ua,PE Skurykhin Mukola Volodumurovuch,33.7315,-84.4195,31.131.31.37,Georgia,Atlanta,United States
siirt.edu.tr,National Academic Network and Information Center,41.0214,28.9948,194.27.146.108,None,None,Turkey
www.siirt.edu.tr,National Academic Network and Information Center,41.0214,28.9948,194.27.146.108,None,None,Turkey
www.apskt.edu.hk,HGC Global Communications Limited,22.4,113.9833,221.126.225.180,Tuen Mun,Tuen Mun,Hong Kong
www.misericordia.edu,CLOUDFLARENET,37.751,-97.822,104.17.70.73,None,None,United States
www.menofia.edu.eg,EUN,30.0355,31.223,193.227.24.22,None,None,Egypt
csuglobal.edu,GOOGLE,41.2619,-95.8608,35.223.120.61,Iowa,Council Bluffs,United States
www.csuglobal.edu,GOOGLE,41.2619,-95.8608,35.223.120.61,Iowa,Council Bluffs,United States
edinboro.edu,EDGE-HOSTING,37.751,-97.822,173.213.237.179,None,None,United States
www.edinboro.edu,EDGE-HOSTING,37.751,-97.822,173.213.237.179,None,None,United States
esu.edu,ESU-AS,37.751,-97.822,192.147.113.58,None,None,United States
www.irsc.edu,MICROSOFT-CORP-MSN-AS-BLOCK,38.7095,-78.1539,40.76.29.113,Virginia,Washington,United States
lineman.edu,Cloudflare London- LLC,37.751,-97.822,141.193.213.21,None,None,United States
www.lineman.edu,Cloudflare London- LLC,37.751,-97.822,141.193.213.21,None,None,United States
lycoming.edu,LYCOMING-COLLEGE,41.2382,-76.9978,199.91.148.14,Pennsylvania,Williamsport,United States
www.lycoming.edu,LYCOMING-COLLEGE,41.2382,-76.9978,199.91.148.14,Pennsylvania,Williamsport,United States
tsc.edu,Cloudflare London- LLC,37.751,-97.822,141.193.213.21,None,None,United States
www.tsc.edu,Cloudflare London- LLC,37.751,-97.822,141.193.213.21,None,None,United States
imu.edu.my,IP ServerOne Solutions Sdn Bhd,1.5438,103.6461,14.102.151.82,Johor,Johor Bahru,Malaysia
istpargentina.edu.pe,ASMALLORANGE1,37.751,-97.822,143.95.232.102,None,None,United States
www.istpargentina.edu.pe,ASMALLORANGE1,37.751,-97.822,143.95.232.102,None,None,United States
sofiabarat.edu.pe,SINGLEHOP-LLC,52.3759,4.8975,173.236.16.180,North Holland,Amsterdam,Netherlands
www.sofiabarat.edu.pe,SINGLEHOP-LLC,52.3759,4.8975,173.236.16.180,North Holland,Amsterdam,Netherlands
www.depauw.edu,RACKSPACE,37.751,-97.822,23.253.56.141,None,None,United States
wmsu.edu.ph,Philippine Long Distance Telephone Company,14.0451,121.1622,58.71.15.3,Province of Batangas,Malvar,Philippines
www.wmsu.edu.ph,Philippine Long Distance Telephone Company,14.0451,121.1622,58.71.15.3,Province of Batangas,Malvar,Philippines
asds.edu.co,Colombia Hosting,4.5981,-74.0799,190.8.176.84,None,None,Colombia
www.asds.edu.co,Colombia Hosting,4.5981,-74.0799,190.8.176.84,None,None,Colombia
usergioarboleda.edu.co,DREAMHOST-AS,37.751,-97.822,208.97.136.252,None,None,United States
www.usergioarboleda.edu.co,DREAMHOST-AS,37.751,-97.822,208.97.136.252,None,None,United States
ws.edu,WSCC-AS1,36.1957,-83.2755,198.161.167.21,Tennessee,Morristown,United States
www.ws.edu,WSCC-AS1,36.1957,-83.2755,198.161.167.21,Tennessee,Morristown,United States
www.luther.vic.edu.au,Hostopia Australia Web Pty Ltd,-33.8591,151.2002,101.0.119.207,New South Wales,Sydney,Australia
lasu.edu.ng,24SHELLS,40.5511,-74.4606,23.227.131.50,New Jersey,Piscataway,United States
www.lasu.edu.ng,24SHELLS,40.5511,-74.4606,23.227.131.50,New Jersey,Piscataway,United States
ufm.edu.vn,MICROSOFT-CORP-MSN-AS-BLOCK,1.3029,103.857,20.44.198.20,None,Singapore,Singapore
www.ufm.edu.vn,MICROSOFT-CORP-MSN-AS-BLOCK,1.3029,103.857,20.44.198.20,None,Singapore,Singapore
www.umm.edu,CLOUDFLARENET,37.751,-97.822,104.17.94.21,None,None,United States
ptnational.edu.au,MICROSOFT-CORP-MSN-AS-BLOCK,-33.8591,151.2002,40.126.236.22,New South Wales,Sydney,Australia
www.ptnational.edu.au,MICROSOFT-CORP-MSN-AS-BLOCK,-33.8591,151.2002,40.126.236.22,New South Wales,Sydney,Australia
oit.edu,MICROSOFT-CORP-MSN-AS-BLOCK,37.1807,-121.787,40.112.243.2,California,San Jose,United States
www.oit.edu,MICROSOFT-CORP-MSN-AS-BLOCK,37.1807,-121.787,40.112.243.2,California,San Jose,United States
www.aus.edu.kw,CLOUDFLARENET,37.751,-97.822,104.17.71.73,None,None,United States
www.ace.edu,MICROSOFT-CORP-MSN-AS-BLOCK,41.6015,-93.6127,52.176.46.59,Iowa,Des Moines,United States
acenet.edu,AMAZON-AES,40.9261,-74.1419,52.72.206.33,New Jersey,Paterson,United States
www.acenet.edu,AMAZON-AES,40.9261,-74.1419,52.72.206.33,New Jersey,Paterson,United States
canadacollege.edu,CSUNET-NW,37.9249,-122.51,207.62.235.38,California,Corte Madera,United States
www.canadacollege.edu,CSUNET-NW,37.9249,-122.51,207.62.235.38,California,Corte Madera,United States
cfbisd.edu,CLOUDFLARENET,37.751,-97.822,104.17.69.73,None,None,United States
www.cfbisd.edu,CLOUDFLARENET,37.751,-97.822,104.17.69.73,None,None,United States
com.edu,GO-DADDY-COM-LLC,39.0481,-77.4728,70.32.103.68,Virginia,Ashburn,United States
www.com.edu,GO-DADDY-COM-LLC,39.0481,-77.4728,70.32.103.68,Virginia,Ashburn,United States
creighton.edu,CREIGHTON-AS,41.2616,-95.9355,147.134.13.145,Nebraska,Omaha,United States
www.creighton.edu,CREIGHTON-AS,41.2616,-95.9355,147.134.13.145,Nebraska,Omaha,United States
www.floridacareercollege.edu,Cloudflare London- LLC,37.751,-97.822,141.193.213.20,None,None,United States
grayson.edu,US-TELEPACIFIC,32.7787,-96.8217,97.75.99.234,Texas,None,United States
www.grayson.edu,US-TELEPACIFIC,32.7787,-96.8217,97.75.99.234,Texas,None,United States
www.hocking.edu,Cloudflare London- LLC,37.751,-97.822,199.60.103.225,None,None,United States
lmunet.edu,SDC-AS,35.9875,-84.1168,74.119.255.62,Tennessee,Knoxville,United States
www.lmunet.edu,CLOUDFLARENET,37.751,-97.822,104.18.230.51,None,None,United States
www.osumc.edu,OSUNET-AS,37.751,-97.822,140.254.127.160,None,None,United States
rsccd.edu,CSUNET-NW,33.7568,-117.7938,204.75.250.153,California,Santa Ana,United States
www.rsccd.edu,CSUNET-NW,33.7568,-117.7938,204.75.250.153,California,Santa Ana,United States
usuhs.edu,UUNET,38.9522,-77.0253,71.166.184.14,District of Columbia,Washington,United States
www.usuhs.edu,UUNET,38.9522,-77.0253,71.166.184.14,District of Columbia,Washington,United States
sxccal.edu,MegaHostZone,20.0063,77.006,103.16.100.4,None,None,India
www.sxccal.edu,MegaHostZone,20.0063,77.006,103.16.100.4,None,None,India
kmkcp.edu.in,Sify Limited,20.0063,77.006,103.108.220.128,None,None,India
www.kmkcp.edu.in,Sify Limited,20.0063,77.006,103.108.220.128,None,None,India
siumed.edu,SIU-BB-2,39.7697,-89.6886,131.230.224.200,Illinois,Springfield,United States
www.siumed.edu,SIU-BB-2,39.7697,-89.6886,131.230.224.200,Illinois,Springfield,United States
apsi.edu.au,iiNet Limited,-33.494,143.2104,202.59.111.155,None,None,Australia
www.apsi.edu.au,iiNet Limited,-33.494,143.2104,202.59.111.155,None,None,Australia
